{"cameraMode":{"drawMode":0,"name":"Shaded","section":"Shading Mode"},"sceneLighting":true,"audioPlay":false,"sceneViewState":{"showFog":true,"showMaterialUpdate":false,"showSkybox":true,"showFlares":true,"showImageEffects":true,"showParticleSystems":true},"in2DMode":false,"pivot":{"x":-3.0264294147491457,"y":-5.226081848144531,"z":-1.4535709619522095},"rotation":{"x":0.14445149898529054,"y":0.34692448377609255,"z":-0.05410708859562874,"w":0.9255484342575073},"size":0.0059850215911865238,"orthographic":false}